<?xml version="1.0" encoding="UTF-8" standalone="yes"?>
<company-data>
    <compName>JSpiders</compName>
    <employee emp-id="1234">
        <emp-name>Praveen</emp-name>
        <emp-salary>100.2</emp-salary>
        <phone-numbers>
            <emp-number>123465789</emp-number>
            <emp-number>987654321</emp-number>
        </phone-numbers>
        <emp-address>
            <address type="present">
                <address1>3rd A Cross</address1>
                <address2>10th Main, 7th Cross</address2>
                <city>Bangalore</city>
                <houseNo>1</houseNo>
                <landmark>Near Bus Stop</landmark>
                <pincode>123456</pincode>
            </address>
            <address type="permanent">
                <address1>2nd A Cross</address1>
                <address2>12th Main, 9th Cross</address2>
                <city>Mysore</city>
                <houseNo>2</houseNo>
                <landmark>Near Bus Stop</landmark>
                <pincode>789456</pincode>
            </address>
        </emp-address>
    </employee>
    <employee emp-id="4567">
        <emp-name>Naveen</emp-name>
        <emp-salary>100.2</emp-salary>
        <phone-numbers>
            <emp-number>123465789</emp-number>
            <emp-number>987654321</emp-number>
        </phone-numbers>
        <emp-address>
            <address type="present">
                <address1>3rd A Cross</address1>
                <address2>10th Main, 7th Cross</address2>
                <city>Bangalore</city>
                <houseNo>1</houseNo>
                <landmark>Near Bus Stop</landmark>
                <pincode>123456</pincode>
            </address>
            <address type="permanent">
                <address1>2nd A Cross</address1>
                <address2>12th Main, 9th Cross</address2>
                <city>Mysore</city>
                <houseNo>2</houseNo>
                <landmark>Near Bus Stop</landmark>
                <pincode>789456</pincode>
            </address>
        </emp-address>
    </employee>
    <metaData>
        <entry>
            <key>location</key>
            <value>bangalore</value>
        </entry>
        <entry>
            <key>type</key>
            <value>institute</value>
        </entry>
    </metaData>
</company-data>
