{"status":"OK","result":{"type":["locality","political"],"formattedAddress":"Bengaluru, Karnataka, India","addressComponent":[{"type":["locality","political"],"shortNM":"Bengaluru","longNM":"Bengaluru"},{"type":["locality","political"],"shortNM":"Bengaluru","longNM":"Bengaluru"},{"type":["locality","political"],"shortNM":"Bengaluru","longNM":"Bengaluru"}],"geometry":{"location_type":"APPROXIMATE","location":{"latitude":0.26901183178500676,"longitude":0.5395125966849942},"viewport":{"southWest":{"latitude":0.26901183178500676,"longitude":0.5395125966849942},"northeast":{"latitude":0.26901183178500676,"longitude":0.5395125966849942}},"bounds":{"southWest":{"latitude":0.26901183178500676,"longitude":0.5395125966849942},"northeast":{"latitude":0.26901183178500676,"longitude":0.5395125966849942}}},"placeID":"ChIJbU60yXAWrjsR4E9-UejD3_g"}}