<?xml version="1.0" encoding="UTF-8" standalone="yes"?>
<company>
	<employee emp-id="1234">
	    <emp-name>Praveen</emp-name>
	    <emp-salary>100.2</emp-salary>
	    <phone-numbers>
	        <emp-number>123465789</emp-number>
	        <emp-number>987654321</emp-number>
	    </phone-numbers>
	</employee>
    <employee emp-id="1234">
	    <emp-name>Praveen</emp-name>
	    <emp-salary>100.2</emp-salary>
	    <phone-numbers>
	        <emp-number>123465789</emp-number>
	        <emp-number>987654321</emp-number>
	    </phone-numbers>
	</employee>
</company>
