{"status":"OK","result":{"type":["locality","political"],"formattedAddress":"Bengaluru, Karnataka, India","addressComponent":[{"type":["locality","political"],"shortNM":"Bengaluru","longNM":"Bengaluru"},{"type":["locality","political"],"shortNM":"Bengaluru","longNM":"Bengaluru"},{"type":["locality","political"],"shortNM":"Bengaluru","longNM":"Bengaluru"}],"geometry":{"location_type":"APPROXIMATE","location":{"latitude":0.9831758351910236,"longitude":0.7297479322699982},"viewport":{"southWest":{"latitude":0.9831758351910236,"longitude":0.7297479322699982},"northeast":{"latitude":0.9831758351910236,"longitude":0.7297479322699982}},"bounds":{"southWest":{"latitude":0.9831758351910236,"longitude":0.7297479322699982},"northeast":{"latitude":0.9831758351910236,"longitude":0.7297479322699982}}},"placeID":"ChIJbU60yXAWrjsR4E9-UejD3_g"}}