{"compName":"JSpiders","metaData":{"location":"bangalore","type":"institute"},"empList":[{"id":1234,"name":"Praveen","salary":100.2,"numbers":[123465789,987654321],"empAddress":[{"addrType":"present","houseNo":1,"address1":"3rd A Cross","address2":"10th Main, 7th Cross","landmark":"Near Bus Stop","city":"Bangalore","pincode":123456},{"addrType":"permanent","houseNo":2,"address1":"2nd A Cross","address2":"12th Main, 9th Cross","landmark":"Near Bus Stop","city":"Mysore","pincode":789456}]},{"id":4567,"name":"Naveen","salary":100.2,"numbers":[123465789,987654321],"empAddress":[{"addrType":"present","houseNo":1,"address1":"3rd A Cross","address2":"10th Main, 7th Cross","landmark":"Near Bus Stop","city":"Bangalore","pincode":123456},{"addrType":"permanent","houseNo":2,"address1":"2nd A Cross","address2":"12th Main, 9th Cross","landmark":"Near Bus Stop","city":"Mysore","pincode":789456}]}]}