{"status":"OK","result":{"type":["locality","political"],"formattedAddress":"Bengaluru, Karnataka, India","addressComponent":[{"type":["locality","political"],"shortNM":"Bengaluru","longNM":"Bengaluru"},{"type":["locality","political"],"shortNM":"Bengaluru","longNM":"Bengaluru"},{"type":["locality","political"],"shortNM":"Bengaluru","longNM":"Bengaluru"}],"geometry":{"location_type":"APPROXIMATE","location":{"latitude":0.18368700300585372,"longitude":0.6737483105808887},"viewport":{"southWest":{"latitude":0.18368700300585372,"longitude":0.6737483105808887},"northeast":{"latitude":0.18368700300585372,"longitude":0.6737483105808887}},"bounds":{"southWest":{"latitude":0.18368700300585372,"longitude":0.6737483105808887},"northeast":{"latitude":0.18368700300585372,"longitude":0.6737483105808887}}},"placeID":"ChIJbU60yXAWrjsR4E9-UejD3_g"}}